kodeKec,kodeKecDagri,namaKec,kodeKabKot,kodeKabKotDagri,namaKabKot,kodeProv,kodeProvDagri,namaProv
052913,352605,AROSBAYA,052900,3526,KAB. BANGKALAN,050000,35,JAWA TIMUR
052911,352601,BANGKALAN,052900,3526,KAB. BANGKALAN,050000,35,JAWA TIMUR
052905,352615,BLEGA,052900,3526,KAB. BANGKALAN,050000,35,JAWA TIMUR
052912,352603,BURNEH,052900,3526,KAB. BANGKALAN,050000,35,JAWA TIMUR
052907,352618,GALIS,052900,3526,KAB. BANGKALAN,050000,35,JAWA TIMUR
052914,352606,GEGER,052900,3526,KAB. BANGKALAN,050000,35,JAWA TIMUR
052901,352604,KAMAL,052900,3526,KAB. BANGKALAN,050000,35,JAWA TIMUR
052918,352607,KLAMPIS,052900,3526,KAB. BANGKALAN,050000,35,JAWA TIMUR
052915,352610,KOKOP,052900,3526,KAB. BANGKALAN,050000,35,JAWA TIMUR
052906,352617,KONANG,052900,3526,KAB. BANGKALAN,050000,35,JAWA TIMUR
052903,352611,KWANYAR,052900,3526,KAB. BANGKALAN,050000,35,JAWA TIMUR
052902,352612,LABANG,052900,3526,KAB. BANGKALAN,050000,35,JAWA TIMUR
052904,352616,MODUNG,052900,3526,KAB. BANGKALAN,050000,35,JAWA TIMUR
052917,352608,SEPULU,052900,3526,KAB. BANGKALAN,050000,35,JAWA TIMUR
052910,352602,SOCAH,052900,3526,KAB. BANGKALAN,050000,35,JAWA TIMUR
052908,352613,TANAH MERAH,052900,3526,KAB. BANGKALAN,050000,35,JAWA TIMUR
052916,352609,TANJUNGBUMI,052900,3526,KAB. BANGKALAN,050000,35,JAWA TIMUR
052909,352614,TRAGAH,052900,3526,KAB. BANGKALAN,050000,35,JAWA TIMUR
052502,351002,BANGOREJO,052500,3510,KAB. BANYUWANGI,050000,35,JAWA TIMUR
052518,351016,BANYUWANGI,052500,3510,KAB. BANYUWANGI,050000,35,JAWA TIMUR
052525,351025,BLIMBINGSARI,052500,3510,KAB. BANYUWANGI,050000,35,JAWA TIMUR
052506,351006,CLURING,052500,3510,KAB. BANYUWANGI,050000,35,JAWA TIMUR
052507,351007,GAMBIRAN,052500,3510,KAB. BANYUWANGI,050000,35,JAWA TIMUR
052510,351009,GENTENG,052500,3510,KAB. BANYUWANGI,050000,35,JAWA TIMUR
052519,351017,GIRI,052500,3510,KAB. BANYUWANGI,050000,35,JAWA TIMUR
052517,351015,GLAGAH,052500,3510,KAB. BANYUWANGI,050000,35,JAWA TIMUR
052508,351010,GLENMORE,052500,3510,KAB. BANYUWANGI,050000,35,JAWA TIMUR
052513,351014,KABAT,052500,3510,KAB. BANYUWANGI,050000,35,JAWA TIMUR
052509,351011,KALIBARU,052500,3510,KAB. BANYUWANGI,050000,35,JAWA TIMUR
052520,351021,KALIPURO,052500,3510,KAB. BANYUWANGI,050000,35,JAWA TIMUR
052522,351024,LICIN,052500,3510,KAB. BANYUWANGI,050000,35,JAWA TIMUR
052505,351005,MUNCAR,052500,3510,KAB. BANYUWANGI,050000,35,JAWA TIMUR
052501,351001,PESANGGARAN,052500,3510,KAB. BANYUWANGI,050000,35,JAWA TIMUR
052503,351003,PURWOHARJO,052500,3510,KAB. BANYUWANGI,050000,35,JAWA TIMUR
052512,351013,ROGOJAMPI,052500,3510,KAB. BANYUWANGI,050000,35,JAWA TIMUR
052515,351020,SEMPU,052500,3510,KAB. BANYUWANGI,050000,35,JAWA TIMUR
052524,351022,SILIRAGUNG,052500,3510,KAB. BANYUWANGI,050000,35,JAWA TIMUR
052514,351012,SINGOJURUH,052500,3510,KAB. BANYUWANGI,050000,35,JAWA TIMUR
052516,351019,SONGGON,052500,3510,KAB. BANYUWANGI,050000,35,JAWA TIMUR
052511,351008,SRONO,052500,3510,KAB. BANYUWANGI,050000,35,JAWA TIMUR
052504,351004,TEGALDLIMO,052500,3510,KAB. BANYUWANGI,050000,35,JAWA TIMUR
052523,351023,TEGALSARI,052500,3510,KAB. BANYUWANGI,050000,35,JAWA TIMUR
052521,351018,WONGSOREJO,052500,3510,KAB. BANYUWANGI,050000,35,JAWA TIMUR
051501,350505,BAKUNG,051500,3505,KAB. BLITAR,050000,35,JAWA TIMUR
051505,350516,BINANGUN,051500,3505,KAB. BLITAR,050000,35,JAWA TIMUR
051513,350518,DOKO,051500,3505,KAB. BLITAR,050000,35,JAWA TIMUR
051515,350515,GANDUSARI,051500,3505,KAB. BLITAR,050000,35,JAWA TIMUR
051516,350511,GARUM,051500,3505,KAB. BLITAR,050000,35,JAWA TIMUR
051507,350504,KADEMANGAN,051500,3505,KAB. BLITAR,050000,35,JAWA TIMUR
051508,350510,KANIGORO,051500,3505,KAB. BLITAR,050000,35,JAWA TIMUR
051511,350519,KESAMBEN,051500,3505,KAB. BLITAR,050000,35,JAWA TIMUR
051517,350509,NGLEGOK,051500,3505,KAB. BLITAR,050000,35,JAWA TIMUR
051503,350513,PANGGUNGREJO,051500,3505,KAB. BLITAR,050000,35,JAWA TIMUR
051519,350506,PONGGOK,051500,3505,KAB. BLITAR,050000,35,JAWA TIMUR
051518,350507,SANANKULON,051500,3505,KAB. BLITAR,050000,35,JAWA TIMUR
051510,350522,SELOPURO,051500,3505,KAB. BLITAR,050000,35,JAWA TIMUR
051512,350521,SELOREJO,051500,3505,KAB. BLITAR,050000,35,JAWA TIMUR
051520,350503,SRENGAT,051500,3505,KAB. BLITAR,050000,35,JAWA TIMUR
051506,350512,SUTOJAYAN,051500,3505,KAB. BLITAR,050000,35,JAWA TIMUR
051509,350514,TALUN,051500,3505,KAB. BLITAR,050000,35,JAWA TIMUR
051522,350502,UDANAWU,051500,3505,KAB. BLITAR,050000,35,JAWA TIMUR
051504,350520,WATES,051500,3505,KAB. BLITAR,050000,35,JAWA TIMUR
051514,350517,WLINGI,051500,3505,KAB. BLITAR,050000,35,JAWA TIMUR
051521,350501,WONODADI,051500,3505,KAB. BLITAR,050000,35,JAWA TIMUR
051502,350508,WONOTIRTO,051500,3505,KAB. BLITAR,050000,35,JAWA TIMUR
050513,352213,BALEN,050500,3522,KAB. BOJONEGORO,050000,35,JAWA TIMUR
050510,352210,BAURENO,050500,3522,KAB. BOJONEGORO,050000,35,JAWA TIMUR
050516,352215,BOJONEGORO,050500,3522,KAB. BOJONEGORO,050000,35,JAWA TIMUR
050505,352205,BUBULAN,050500,3522,KAB. BOJONEGORO,050000,35,JAWA TIMUR
050518,352206,DANDER,050500,3522,KAB. BOJONEGORO,050000,35,JAWA TIMUR
050528,352228,GAYAM,050500,3522,KAB. BOJONEGORO,050000,35,JAWA TIMUR
050526,352226,GONDANG,050500,3522,KAB. BOJONEGORO,050000,35,JAWA TIMUR
050520,352216,KALITIDU,050500,3522,KAB. BOJONEGORO,050000,35,JAWA TIMUR
050511,352211,KANOR,050500,3522,KAB. BOJONEGORO,050000,35,JAWA TIMUR
050515,352214,KAPAS,050500,3522,KAB. BOJONEGORO,050000,35,JAWA TIMUR
050524,352220,KASIMAN,050500,3522,KAB. BOJONEGORO,050000,35,JAWA TIMUR
050525,352225,KEDEWAN,050500,3522,KAB. BOJONEGORO,050000,35,JAWA TIMUR
050508,352208,KEDUNGADEM,050500,3522,KAB. BOJONEGORO,050000,35,JAWA TIMUR
050509,352209,KEPOHBARU,050500,3522,KAB. BOJONEGORO,050000,35,JAWA TIMUR
050521,352217,MALO,050500,3522,KAB. BOJONEGORO,050000,35,JAWA TIMUR
050501,352222,MARGOMULYO,050500,3522,KAB. BOJONEGORO,050000,35,JAWA TIMUR
050504,352203,NGAMBON,050500,3522,KAB. BOJONEGORO,050000,35,JAWA TIMUR
050519,352204,NGASEM,050500,3522,KAB. BOJONEGORO,050000,35,JAWA TIMUR
050502,352201,NGRAHO,050500,3522,KAB. BOJONEGORO,050000,35,JAWA TIMUR
050523,352219,PADANGAN,050500,3522,KAB. BOJONEGORO,050000,35,JAWA TIMUR
050522,352218,PURWOSARI,050500,3522,KAB. BOJONEGORO,050000,35,JAWA TIMUR
050527,352227,SEKAR,050500,3522,KAB. BOJONEGORO,050000,35,JAWA TIMUR
050507,352207,SUGIHWARAS,050500,3522,KAB. BOJONEGORO,050000,35,JAWA TIMUR
050514,352224,SUKOSEWU,050500,3522,KAB. BOJONEGORO,050000,35,JAWA TIMUR
050512,352212,SUMBERREJO,050500,3522,KAB. BOJONEGORO,050000,35,JAWA TIMUR
050503,352202,TAMBAKREJO,050500,3522,KAB. BOJONEGORO,050000,35,JAWA TIMUR
050506,352221,TEMAYANG,050500,3522,KAB. BOJONEGORO,050000,35,JAWA TIMUR
050517,352223,TRUCUK,050500,3522,KAB. BOJONEGORO,050000,35,JAWA TIMUR
052218,351120,BINAKAL,052200,3511,KAB. BONDOWOSO,050000,35,JAWA TIMUR
052210,351111,BONDOWOSO,052200,3511,KAB. BONDOWOSO,050000,35,JAWA TIMUR
052223,351122,BOTOLINGGO,052200,3511,KAB. BONDOWOSO,050000,35,JAWA TIMUR
052217,351115,CERMEE,052200,3511,KAB. BONDOWOSO,050000,35,JAWA TIMUR
052211,351107,CURAHDAMI,052200,3511,KAB. BONDOWOSO,050000,35,JAWA TIMUR
052202,351106,GRUJUGAN,052200,3511,KAB. BONDOWOSO,050000,35,JAWA TIMUR
052220,351122,IJEN,052200,3511,KAB. BONDOWOSO,050000,35,JAWA TIMUR
052221,351123,JAMBESARI DARUS SHOLAH,052200,3511,KAB. BONDOWOSO,050000,35,JAWA TIMUR
052215,351114,KLABANG,052200,3511,KAB. BONDOWOSO,050000,35,JAWA TIMUR
052201,351101,MAESAN,052200,3511,KAB. BONDOWOSO,050000,35,JAWA TIMUR
052212,351117,PAKEM,052200,3511,KAB. BONDOWOSO,050000,35,JAWA TIMUR
052216,351116,PRAJEKAN,052200,3511,KAB. BONDOWOSO,050000,35,JAWA TIMUR
052204,351105,PUJER,052200,3511,KAB. BONDOWOSO,050000,35,JAWA TIMUR
052206,351104,SUKOSARI,052200,3511,KAB. BONDOWOSO,050000,35,JAWA TIMUR
052219,351118,SUMBER WRINGIN,052200,3511,KAB. BONDOWOSO,050000,35,JAWA TIMUR
052203,351102,TAMANAN,052200,3511,KAB. BONDOWOSO,050000,35,JAWA TIMUR
052222,351121,TAMAN KROCOK,052200,3511,KAB. BONDOWOSO,050000,35,JAWA TIMUR
052207,351110,TAPEN,052200,3511,KAB. BONDOWOSO,050000,35,JAWA TIMUR
052214,351113,TEGALAMPEL,052200,3511,KAB. BONDOWOSO,050000,35,JAWA TIMUR
052209,351108,TENGGARANG,052200,3511,KAB. BONDOWOSO,050000,35,JAWA TIMUR
052205,351103,TLOGOSARI,052200,3511,KAB. BONDOWOSO,050000,35,JAWA TIMUR
052208,351109,WONOSARI,052200,3511,KAB. BONDOWOSO,050000,35,JAWA TIMUR
052213,351112,WRINGIN,052200,3511,KAB. BONDOWOSO,050000,35,JAWA TIMUR
050107,352502,BALONG PANGGANG,050100,3525,KAB. GRESIK,050000,35,JAWA TIMUR
050106,352504,BENJENG,050100,3525,KAB. GRESIK,050000,35,JAWA TIMUR
050112,352512,BUNGAH,050100,3525,KAB. GRESIK,050000,35,JAWA TIMUR
050105,352511,CERME,050100,3525,KAB. GRESIK,050000,35,JAWA TIMUR
050102,352515,DRIYOREJO,050100,3525,KAB. GRESIK,050000,35,JAWA TIMUR
050108,352505,DUDUK SAMPEYAN,050100,3525,KAB. GRESIK,050000,35,JAWA TIMUR
050114,352501,DUKUN,050100,3525,KAB. GRESIK,050000,35,JAWA TIMUR
050110,352516,GRESIK,050100,3525,KAB. GRESIK,050000,35,JAWA TIMUR
050109,352514,KEBOMAS,050100,3525,KAB. GRESIK,050000,35,JAWA TIMUR
050103,352508,KEDAMEAN,050100,3525,KAB. GRESIK,050000,35,JAWA TIMUR
050111,352510,MANYAR,050100,3525,KAB. GRESIK,050000,35,JAWA TIMUR
050104,352513,MENGANTI,050100,3525,KAB. GRESIK,050000,35,JAWA TIMUR
050115,352503,PANCENG,050100,3525,KAB. GRESIK,050000,35,JAWA TIMUR
050117,352517,SANGKAPURA,050100,3525,KAB. GRESIK,050000,35,JAWA TIMUR
050113,352509,SIDAYU,050100,3525,KAB. GRESIK,050000,35,JAWA TIMUR
050118,352518,TAMBAK,050100,3525,KAB. GRESIK,050000,35,JAWA TIMUR
050116,352507,UJUNG PANGKAH,050100,3525,KAB. GRESIK,050000,35,JAWA TIMUR
050101,352506,WRINGIN ANOM,050100,3525,KAB. GRESIK,050000,35,JAWA TIMUR
052411,350917,AJUNG,052400,3509,KAB. JEMBER,050000,35,JAWA TIMUR
052405,350912,AMBULU,052400,3509,KAB. JEMBER,050000,35,JAWA TIMUR
052422,350922,ARJASA,052400,3509,KAB. JEMBER,050000,35,JAWA TIMUR
052413,350910,BALUNG,052400,3509,KAB. JEMBER,050000,35,JAWA TIMUR
052419,350909,BANGSALSARI,052400,3509,KAB. JEMBER,050000,35,JAWA TIMUR
052402,350904,GUMUK MAS,052400,3509,KAB. JEMBER,050000,35,JAWA TIMUR
052428,350925,JELBUK,052400,3509,KAB. JEMBER,050000,35,JAWA TIMUR
052410,350916,JENGGAWAH,052400,3509,KAB. JEMBER,050000,35,JAWA TIMUR
052416,350901,JOMBANG,052400,3509,KAB. JEMBER,050000,35,JAWA TIMUR
052424,350927,KALISAT,052400,3509,KAB. JEMBER,050000,35,JAWA TIMUR
052429,350919,KALIWATES,052400,3509,KAB. JEMBER,050000,35,JAWA TIMUR
052401,350902,KENCONG,052400,3509,KAB. JEMBER,050000,35,JAWA TIMUR
052425,350928,LEDOK OMBO,052400,3509,KAB. JEMBER,050000,35,JAWA TIMUR
052408,350926,MAYANG,052400,3509,KAB. JEMBER,050000,35,JAWA TIMUR
052409,350923,MUMBULSARI,052400,3509,KAB. JEMBER,050000,35,JAWA TIMUR
052423,350924,PAKUSARI,052400,3509,KAB. JEMBER,050000,35,JAWA TIMUR
052420,350914,PANTI,052400,3509,KAB. JEMBER,050000,35,JAWA TIMUR
052431,350920,PATRANG,052400,3509,KAB. JEMBER,050000,35,JAWA TIMUR
052403,350908,PUGER,052400,3509,KAB. JEMBER,050000,35,JAWA TIMUR
052412,350913,RAMBIPUJI,052400,3509,KAB. JEMBER,050000,35,JAWA TIMUR
052415,350907,SEMBORO,052400,3509,KAB. JEMBER,050000,35,JAWA TIMUR
052407,350930,SILO,052400,3509,KAB. JEMBER,050000,35,JAWA TIMUR
052421,350915,SUKORAMBI,052400,3509,KAB. JEMBER,050000,35,JAWA TIMUR
052427,350929,SUKOWONO,052400,3509,KAB. JEMBER,050000,35,JAWA TIMUR
052417,350903,SUMBERBARU,052400,3509,KAB. JEMBER,050000,35,JAWA TIMUR
052426,350931,SUMBERJAMBE,052400,3509,KAB. JEMBER,050000,35,JAWA TIMUR
052430,350921,SUMBERSARI,052400,3509,KAB. JEMBER,050000,35,JAWA TIMUR
052418,350906,TANGGUL,052400,3509,KAB. JEMBER,050000,35,JAWA TIMUR
052406,350918,TEMPUREJO,052400,3509,KAB. JEMBER,050000,35,JAWA TIMUR
052414,350905,UMBULSARI,052400,3509,KAB. JEMBER,050000,35,JAWA TIMUR
052404,350911,WULUHAN,052400,3509,KAB. JEMBER,050000,35,JAWA TIMUR
050401,351718,BANDAR KEDUNGMULYO,050400,3517,KAB. JOMBANG,050000,35,JAWA TIMUR
050407,351704,BARENG,050400,3517,KAB. JOMBANG,050000,35,JAWA TIMUR
050404,351708,DIWEK,050400,3517,KAB. JOMBANG,050000,35,JAWA TIMUR
050403,351702,GUDO,050400,3517,KAB. JOMBANG,050000,35,JAWA TIMUR
050411,351719,JOGOROTO,050400,3517,KAB. JOMBANG,050000,35,JAWA TIMUR
050413,351709,JOMBANG,050400,3517,KAB. JOMBANG,050000,35,JAWA TIMUR
050419,351716,KABUH,050400,3517,KAB. JOMBANG,050000,35,JAWA TIMUR
050416,351712,KESAMBEN,050400,3517,KAB. JOMBANG,050000,35,JAWA TIMUR
050417,351717,KUDU,050400,3517,KAB. JOMBANG,050000,35,JAWA TIMUR
050414,351720,MEGALUH,050400,3517,KAB. JOMBANG,050000,35,JAWA TIMUR
050409,351706,MOJOAGUNG,050400,3517,KAB. JOMBANG,050000,35,JAWA TIMUR
050406,351707,MOJOWARNO,050400,3517,KAB. JOMBANG,050000,35,JAWA TIMUR
050405,351703,NGORO,050400,3517,KAB. JOMBANG,050000,35,JAWA TIMUR
050421,351721,NGUSIKAN,050400,3517,KAB. JOMBANG,050000,35,JAWA TIMUR
050402,351701,PERAK,050400,3517,KAB. JOMBANG,050000,35,JAWA TIMUR
050412,351710,PETERONGAN,050400,3517,KAB. JOMBANG,050000,35,JAWA TIMUR
050420,351715,PLANDAAN,050400,3517,KAB. JOMBANG,050000,35,JAWA TIMUR
050418,351714,PLOSO,050400,3517,KAB. JOMBANG,050000,35,JAWA TIMUR
050410,351711,SUMOBITO,050400,3517,KAB. JOMBANG,050000,35,JAWA TIMUR
050415,351713,TEMBELANG,050400,3517,KAB. JOMBANG,050000,35,JAWA TIMUR
050408,351705,WONOSALAM,050400,3517,KAB. JOMBANG,050000,35,JAWA TIMUR
051326,350626,BADAS,051300,3506,KAB. KEDIRI,050000,35,JAWA TIMUR
051312,350622,BANYAKAN,051300,3506,KAB. KEDIRI,050000,35,JAWA TIMUR
051315,350612,GAMPENGREJO,051300,3506,KAB. KEDIRI,050000,35,JAWA TIMUR
051314,350613,GROGOL,051300,3506,KAB. KEDIRI,050000,35,JAWA TIMUR
051316,350610,GURAH,051300,3506,KAB. KEDIRI,050000,35,JAWA TIMUR
051323,350619,KANDANGAN,051300,3506,KAB. KEDIRI,050000,35,JAWA TIMUR
051308,350605,KANDAT,051300,3506,KAB. KEDIRI,050000,35,JAWA TIMUR
051324,350624,KAYEN KIDUL,051300,3506,KAB. KEDIRI,050000,35,JAWA TIMUR
051304,350618,KEPUNG,051300,3506,KAB. KEDIRI,050000,35,JAWA TIMUR
051301,350603,KRAS,051300,3506,KAB. KEDIRI,050000,35,JAWA TIMUR
051321,350621,KUNJANG,051300,3506,KAB. KEDIRI,050000,35,JAWA TIMUR
051310,350602,MOJO,051300,3506,KAB. KEDIRI,050000,35,JAWA TIMUR
051309,350604,NGADILUWIH,051300,3506,KAB. KEDIRI,050000,35,JAWA TIMUR
051303,350607,NGANCAR,051300,3506,KAB. KEDIRI,050000,35,JAWA TIMUR
051325,350625,NGASEM,051300,3506,KAB. KEDIRI,050000,35,JAWA TIMUR
051317,350611,PAGU,051300,3506,KAB. KEDIRI,050000,35,JAWA TIMUR
051318,350614,PAPAR,051300,3506,KAB. KEDIRI,050000,35,JAWA TIMUR
051322,350617,PARE,051300,3506,KAB. KEDIRI,050000,35,JAWA TIMUR
051319,350616,PLEMAHAN,051300,3506,KAB. KEDIRI,050000,35,JAWA TIMUR
051306,350609,PLOSOKLATEN,051300,3506,KAB. KEDIRI,050000,35,JAWA TIMUR
051305,350608,PUNCU,051300,3506,KAB. KEDIRI,050000,35,JAWA TIMUR
051320,350615,PURWOASRI,051300,3506,KAB. KEDIRI,050000,35,JAWA TIMUR
051302,350623,RINGINREJO,051300,3506,KAB. KEDIRI,050000,35,JAWA TIMUR
051311,350601,SEMEN,051300,3506,KAB. KEDIRI,050000,35,JAWA TIMUR
051313,350620,TAROKAN,051300,3506,KAB. KEDIRI,050000,35,JAWA TIMUR
051307,350606,WATES,051300,3506,KAB. KEDIRI,050000,35,JAWA TIMUR
050710,352405,BABAT,050700,3524,KAB. LAMONGAN,050000,35,JAWA TIMUR
050702,352402,BLULUK,050700,3524,KAB. LAMONGAN,050000,35,JAWA TIMUR
050726,352407,BRONDONG,050700,3524,KAB. LAMONGAN,050000,35,JAWA TIMUR
050715,352425,DEKET,050700,3524,KAB. LAMONGAN,050000,35,JAWA TIMUR
050716,352426,GLAGAH,050700,3524,KAB. LAMONGAN,050000,35,JAWA TIMUR
050719,352420,KALITENGAH,050700,3524,KAB. LAMONGAN,050000,35,JAWA TIMUR
050717,352424,KARANGBINANGUN,050700,3524,KAB. LAMONGAN,050000,35,JAWA TIMUR
050720,352418,KARANG GENENG,050700,3524,KAB. LAMONGAN,050000,35,JAWA TIMUR
050708,352406,KEDUNGPRING,050700,3524,KAB. LAMONGAN,050000,35,JAWA TIMUR
050706,352419,KEMBANGBAHU,050700,3524,KAB. LAMONGAN,050000,35,JAWA TIMUR
050713,352422,LAMONGAN,050700,3524,KAB. LAMONGAN,050000,35,JAWA TIMUR
050723,352408,LAREN,050700,3524,KAB. LAMONGAN,050000,35,JAWA TIMUR
050722,352410,MADURAN,050700,3524,KAB. LAMONGAN,050000,35,JAWA TIMUR
050705,352416,MANTUP,050700,3524,KAB. LAMONGAN,050000,35,JAWA TIMUR
050709,352403,MODO,050700,3524,KAB. LAMONGAN,050000,35,JAWA TIMUR
050703,352404,NGIMBANG,050700,3524,KAB. LAMONGAN,050000,35,JAWA TIMUR
050725,352414,PACIRAN,050700,3524,KAB. LAMONGAN,050000,35,JAWA TIMUR
050711,352413,PUCUK,050700,3524,KAB. LAMONGAN,050000,35,JAWA TIMUR
050704,352411,SAMBENG,050700,3524,KAB. LAMONGAN,050000,35,JAWA TIMUR
050727,352427,SARIREJO,050700,3524,KAB. LAMONGAN,050000,35,JAWA TIMUR
050721,352409,SEKARAN,050700,3524,KAB. LAMONGAN,050000,35,JAWA TIMUR
050724,352415,SOLOKURO,050700,3524,KAB. LAMONGAN,050000,35,JAWA TIMUR
050707,352412,SUGIO,050700,3524,KAB. LAMONGAN,050000,35,JAWA TIMUR
050712,352417,SUKODADI,050700,3524,KAB. LAMONGAN,050000,35,JAWA TIMUR
050701,352401,SUKORAME,050700,3524,KAB. LAMONGAN,050000,35,JAWA TIMUR
050714,352423,TIKUNG,050700,3524,KAB. LAMONGAN,050000,35,JAWA TIMUR
050718,352421,TURI,050700,3524,KAB. LAMONGAN,050000,35,JAWA TIMUR
052103,350803,CANDIPURO,052100,3508,KAB. LUMAJANG,050000,35,JAWA TIMUR
052118,350813,GUCIALIT,052100,3508,KAB. LUMAJANG,050000,35,JAWA TIMUR
052115,350817,JATIROTO,052100,3508,KAB. LUMAJANG,050000,35,JAWA TIMUR
052117,350816,KEDUNGJAJANG,052100,3508,KAB. LUMAJANG,050000,35,JAWA TIMUR
052119,350819,KLAKAH,052100,3508,KAB. LUMAJANG,050000,35,JAWA TIMUR
052106,350806,KUNIR,052100,3508,KAB. LUMAJANG,050000,35,JAWA TIMUR
052110,350810,LUMAJANG,052100,3508,KAB. LUMAJANG,050000,35,JAWA TIMUR
052113,350814,PADANG,052100,3508,KAB. LUMAJANG,050000,35,JAWA TIMUR
052104,350804,PASIRIAN,052100,3508,KAB. LUMAJANG,050000,35,JAWA TIMUR
052111,350811,PASRUJAMBE,052100,3508,KAB. LUMAJANG,050000,35,JAWA TIMUR
052102,350802,PRONOJIWO,052100,3508,KAB. LUMAJANG,050000,35,JAWA TIMUR
052116,350818,RANDUAGUNG,052100,3508,KAB. LUMAJANG,050000,35,JAWA TIMUR
052120,350820,RANUYOSO,052100,3508,KAB. LUMAJANG,050000,35,JAWA TIMUR
052108,350808,ROWOKANGKUNG,052100,3508,KAB. LUMAJANG,050000,35,JAWA TIMUR
052112,350812,SENDURO,052100,3508,KAB. LUMAJANG,050000,35,JAWA TIMUR
052114,350815,SUKODONO,052100,3508,KAB. LUMAJANG,050000,35,JAWA TIMUR
052121,350821,SUMBERSUKO,052100,3508,KAB. LUMAJANG,050000,35,JAWA TIMUR
052109,350809,TEKUNG,052100,3508,KAB. LUMAJANG,050000,35,JAWA TIMUR
052105,350805,TEMPEH,052100,3508,KAB. LUMAJANG,050000,35,JAWA TIMUR
052101,350801,TEMPURSARI,052100,3508,KAB. LUMAJANG,050000,35,JAWA TIMUR
052107,350807,YOSOWILANGUN,052100,3508,KAB. LUMAJANG,050000,35,JAWA TIMUR
050812,351910,BALEREJO,050800,3519,KAB. MADIUN,050000,35,JAWA TIMUR
050804,351904,DAGANGAN,050800,3519,KAB. MADIUN,050000,35,JAWA TIMUR
050803,351902,DOLOPO,050800,3519,KAB. MADIUN,050000,35,JAWA TIMUR
050802,351903,GEGER,050800,3519,KAB. MADIUN,050000,35,JAWA TIMUR
050807,351906,GEMARANG,050800,3519,KAB. MADIUN,050000,35,JAWA TIMUR
050815,351909,JIWAN,050800,3519,KAB. MADIUN,050000,35,JAWA TIMUR
050806,351905,KARE,050800,3519,KAB. MADIUN,050000,35,JAWA TIMUR
050801,351901,KEBONSARI,050800,3519,KAB. MADIUN,050000,35,JAWA TIMUR
050813,351908,MADIUN,050800,3519,KAB. MADIUN,050000,35,JAWA TIMUR
050810,351911,MEJAYAN,050800,3519,KAB. MADIUN,050000,35,JAWA TIMUR
050809,351913,PILANGKENCENG,050800,3519,KAB. MADIUN,050000,35,JAWA TIMUR
050808,351912,SARADAN,050800,3519,KAB. MADIUN,050000,35,JAWA TIMUR
050814,351914,SAWAHAN,050800,3519,KAB. MADIUN,050000,35,JAWA TIMUR
050811,351915,WONOASRI,050800,3519,KAB. MADIUN,050000,35,JAWA TIMUR
050805,351907,WUNGU,050800,3519,KAB. MADIUN,050000,35,JAWA TIMUR
051014,352012,BARAT,051000,3520,KAB. MAGETAN,050000,35,JAWA TIMUR
051010,352010,BENDO,051000,3520,KAB. MAGETAN,050000,35,JAWA TIMUR
051012,352013,KARANGREJO,051000,3520,KAB. MAGETAN,050000,35,JAWA TIMUR
051016,352014,KARAS,051000,3520,KAB. MAGETAN,050000,35,JAWA TIMUR
051015,352015,KARTOHARJO,051000,3520,KAB. MAGETAN,050000,35,JAWA TIMUR
051005,352005,KAWEDANAN,051000,3520,KAB. MAGETAN,050000,35,JAWA TIMUR
051003,352003,LEMBEYAN,051000,3520,KAB. MAGETAN,050000,35,JAWA TIMUR
051006,352006,MAGETAN,051000,3520,KAB. MAGETAN,050000,35,JAWA TIMUR
051011,352011,MAOSPATI,051000,3520,KAB. MAGETAN,050000,35,JAWA TIMUR
051017,352016,NGARIBOYO,051000,3520,KAB. MAGETAN,050000,35,JAWA TIMUR
051018,352017,NGUNTORONADI,051000,3520,KAB. MAGETAN,050000,35,JAWA TIMUR
051008,352008,PANEKAN,051000,3520,KAB. MAGETAN,050000,35,JAWA TIMUR
051002,352002,PARANG,051000,3520,KAB. MAGETAN,050000,35,JAWA TIMUR
051007,352007,PLAOSAN,051000,3520,KAB. MAGETAN,050000,35,JAWA TIMUR
051001,352001,PONCOL,051000,3520,KAB. MAGETAN,050000,35,JAWA TIMUR
051019,352018,SIDOREJO,051000,3520,KAB. MAGETAN,050000,35,JAWA TIMUR
051009,352009,SUKOMORO,051000,3520,KAB. MAGETAN,050000,35,JAWA TIMUR
051004,352004,TAKERAN,051000,3520,KAB. MAGETAN,050000,35,JAWA TIMUR
051809,350706,AMPELGADING,051800,3507,KAB. MALANG,050000,35,JAWA TIMUR
051804,350703,BANTUR,051800,3507,KAB. MALANG,050000,35,JAWA TIMUR
051815,350714,BULULAWANG,051800,3507,KAB. MALANG,050000,35,JAWA TIMUR
051807,350705,DAMPIT,051800,3507,KAB. MALANG,050000,35,JAWA TIMUR
051830,350722,DAU,051800,3507,KAB. MALANG,050000,35,JAWA TIMUR
051801,350701,DONOMULYO,051800,3507,KAB. MALANG,050000,35,JAWA TIMUR
051805,350729,GEDANGAN,051800,3507,KAB. MALANG,050000,35,JAWA TIMUR
051814,350710,GONDANGLEGI,051800,3507,KAB. MALANG,050000,35,JAWA TIMUR
051826,350717,JABUNG,051800,3507,KAB. MALANG,050000,35,JAWA TIMUR
051802,350711,KALIPARE,051800,3507,KAB. MALANG,050000,35,JAWA TIMUR
051829,350723,KARANGPLOSO,051800,3507,KAB. MALANG,050000,35,JAWA TIMUR
051833,350728,KASEMBON,051800,3507,KAB. MALANG,050000,35,JAWA TIMUR
051816,350713,KEPANJEN,051800,3507,KAB. MALANG,050000,35,JAWA TIMUR
051818,350731,KROMENGAN,051800,3507,KAB. MALANG,050000,35,JAWA TIMUR
051827,350725,LAWANG,051800,3507,KAB. MALANG,050000,35,JAWA TIMUR
051820,350720,NGAJUM,051800,3507,KAB. MALANG,050000,35,JAWA TIMUR
051832,350727,NGANTANG,051800,3507,KAB. MALANG,050000,35,JAWA TIMUR
051803,350702,PAGAK,051800,3507,KAB. MALANG,050000,35,JAWA TIMUR
051813,350733,PAGELARAN,051800,3507,KAB. MALANG,050000,35,JAWA TIMUR
051825,350718,PAKIS,051800,3507,KAB. MALANG,050000,35,JAWA TIMUR
051822,350719,PAKISAJI,051800,3507,KAB. MALANG,050000,35,JAWA TIMUR
051810,350707,PONCOKUSUMO,051800,3507,KAB. MALANG,050000,35,JAWA TIMUR
051831,350726,PUJON,051800,3507,KAB. MALANG,050000,35,JAWA TIMUR
051828,350724,SINGOSARI,051800,3507,KAB. MALANG,050000,35,JAWA TIMUR
051806,350704,SUMBER MANJING WETAN,051800,3507,KAB. MALANG,050000,35,JAWA TIMUR
051817,350712,SUMBERPUCUNG,051800,3507,KAB. MALANG,050000,35,JAWA TIMUR
051823,350715,TAJINAN,051800,3507,KAB. MALANG,050000,35,JAWA TIMUR
051808,350730,TIRTO YUDO,051800,3507,KAB. MALANG,050000,35,JAWA TIMUR
051824,350716,TUMPANG,051800,3507,KAB. MALANG,050000,35,JAWA TIMUR
051812,350709,TUREN,051800,3507,KAB. MALANG,050000,35,JAWA TIMUR
051821,350721,WAGIR,051800,3507,KAB. MALANG,050000,35,JAWA TIMUR
051811,350708,WAJAK,051800,3507,KAB. MALANG,050000,35,JAWA TIMUR
051819,350732,WONOSARI,051800,3507,KAB. MALANG,050000,35,JAWA TIMUR
050309,351610,BANGSAL,050300,3516,KAB. MOJOKERTO,050000,35,JAWA TIMUR
050317,351617,DAWAR BLANDONG,050300,3516,KAB. MOJOKERTO,050000,35,JAWA TIMUR
050310,351609,DLANGGU,050300,3516,KAB. MOJOKERTO,050000,35,JAWA TIMUR
050314,351614,GEDEG,050300,3516,KAB. MOJOKERTO,050000,35,JAWA TIMUR
050302,351602,GONDANG,050300,3516,KAB. MOJOKERTO,050000,35,JAWA TIMUR
050301,351601,JATIREJO,050300,3516,KAB. MOJOKERTO,050000,35,JAWA TIMUR
050316,351616,JETIS,050300,3516,KAB. MOJOKERTO,050000,35,JAWA TIMUR
050315,351615,KEMLAGI,050300,3516,KAB. MOJOKERTO,050000,35,JAWA TIMUR
050307,351607,KUTOREJO,050300,3516,KAB. MOJOKERTO,050000,35,JAWA TIMUR
050318,351618,MOJOANYAR,050300,3516,KAB. MOJOKERTO,050000,35,JAWA TIMUR
050308,351608,MOJOSARI,050300,3516,KAB. MOJOKERTO,050000,35,JAWA TIMUR
050305,351605,NGORO,050300,3516,KAB. MOJOKERTO,050000,35,JAWA TIMUR
050303,351603,PACET,050300,3516,KAB. MOJOKERTO,050000,35,JAWA TIMUR
050306,351606,PUNGGING,050300,3516,KAB. MOJOKERTO,050000,35,JAWA TIMUR
050311,351611,PURI,050300,3516,KAB. MOJOKERTO,050000,35,JAWA TIMUR
050313,351613,SOOKO,050300,3516,KAB. MOJOKERTO,050000,35,JAWA TIMUR
050304,351604,TRAWAS,050300,3516,KAB. MOJOKERTO,050000,35,JAWA TIMUR
050312,351612,TROWULAN,050300,3516,KAB. MOJOKERTO,050000,35,JAWA TIMUR
051415,351814,BAGOR,051400,3518,KAB. NGANJUK,050000,35,JAWA TIMUR
051411,351810,BARON,051400,3518,KAB. NGANJUK,050000,35,JAWA TIMUR
051403,351803,BERBEK,051400,3518,KAB. NGANJUK,050000,35,JAWA TIMUR
051412,351817,GONDANG,051400,3518,KAB. NGANJUK,050000,35,JAWA TIMUR
051420,351820,JATIKALEN,051400,3518,KAB. NGANJUK,050000,35,JAWA TIMUR
051409,351808,KERTOSONO,051400,3518,KAB. NGANJUK,050000,35,JAWA TIMUR
051419,351819,LENGKONG,051400,3518,KAB. NGANJUK,050000,35,JAWA TIMUR
051404,351804,LOCERET,051400,3518,KAB. NGANJUK,050000,35,JAWA TIMUR
051414,351813,NGANJUK,051400,3518,KAB. NGANJUK,050000,35,JAWA TIMUR
051402,351802,NGETOS,051400,3518,KAB. NGANJUK,050000,35,JAWA TIMUR
051418,351818,NGLUYU,051400,3518,KAB. NGANJUK,050000,35,JAWA TIMUR
051408,351807,NGRONGGOT,051400,3518,KAB. NGANJUK,050000,35,JAWA TIMUR
051405,351805,PACE,051400,3518,KAB. NGANJUK,050000,35,JAWA TIMUR
051410,351809,PATIANROWO,051400,3518,KAB. NGANJUK,050000,35,JAWA TIMUR
051407,351806,PRAMBON,051400,3518,KAB. NGANJUK,050000,35,JAWA TIMUR
051417,351816,REJOSO,051400,3518,KAB. NGANJUK,050000,35,JAWA TIMUR
051401,351801,SAWAHAN,051400,3518,KAB. NGANJUK,050000,35,JAWA TIMUR
051413,351812,SUKOMORO,051400,3518,KAB. NGANJUK,050000,35,JAWA TIMUR
051406,351811,TANJUNGANOM,051400,3518,KAB. NGANJUK,050000,35,JAWA TIMUR
051416,351815,WILANGAN,051400,3518,KAB. NGANJUK,050000,35,JAWA TIMUR
050909,352115,BRINGIN,050900,3521,KAB. NGAWI,050000,35,JAWA TIMUR
050905,352105,GENENG,050900,3521,KAB. NGAWI,050000,35,JAWA TIMUR
050918,352118,GERIH,050900,3521,KAB. NGAWI,050000,35,JAWA TIMUR
050903,352103,JOGOROGO,050900,3521,KAB. NGAWI,050000,35,JAWA TIMUR
050917,352117,KARANGANYAR,050900,3521,KAB. NGAWI,050000,35,JAWA TIMUR
050908,352107,KARANGJATI,050900,3521,KAB. NGAWI,050000,35,JAWA TIMUR
050919,352119,KASREMAN,050900,3521,KAB. NGAWI,050000,35,JAWA TIMUR
050913,352111,KEDUNGGALAR,050900,3521,KAB. NGAWI,050000,35,JAWA TIMUR
050904,352104,KENDAL,050900,3521,KAB. NGAWI,050000,35,JAWA TIMUR
050906,352106,KWADUNGAN,050900,3521,KAB. NGAWI,050000,35,JAWA TIMUR
050916,352113,MANTINGAN,050900,3521,KAB. NGAWI,050000,35,JAWA TIMUR
050911,352109,NGAWI,050900,3521,KAB. NGAWI,050000,35,JAWA TIMUR
050902,352102,NGRAMBE,050900,3521,KAB. NGAWI,050000,35,JAWA TIMUR
050910,352108,PADAS,050900,3521,KAB. NGAWI,050000,35,JAWA TIMUR
050907,352114,PANGKUR,050900,3521,KAB. NGAWI,050000,35,JAWA TIMUR
050912,352110,PARON,050900,3521,KAB. NGAWI,050000,35,JAWA TIMUR
050914,352116,PITU,050900,3521,KAB. NGAWI,050000,35,JAWA TIMUR
050901,352101,SINE,050900,3521,KAB. NGAWI,050000,35,JAWA TIMUR
050915,352112,WIDODAREN,050900,3521,KAB. NGAWI,050000,35,JAWA TIMUR
051206,350106,ARJOSARI,051200,3501,KAB. PACITAN,050000,35,JAWA TIMUR
051208,350108,BANDAR,051200,3501,KAB. PACITAN,050000,35,JAWA TIMUR
051201,350101,DONOROJO,051200,3501,KAB. PACITAN,050000,35,JAWA TIMUR
051205,350105,KEBONAGUNG,051200,3501,KAB. PACITAN,050000,35,JAWA TIMUR
051207,350107,NAWANGAN,051200,3501,KAB. PACITAN,050000,35,JAWA TIMUR
051211,350111,NGADIROJO,051200,3501,KAB. PACITAN,050000,35,JAWA TIMUR
051204,350104,PACITAN,051200,3501,KAB. PACITAN,050000,35,JAWA TIMUR
051203,350102,PRINGKUKU,051200,3501,KAB. PACITAN,050000,35,JAWA TIMUR
051202,350103,PUNUNG,051200,3501,KAB. PACITAN,050000,35,JAWA TIMUR
051212,350112,SUDIMORO,051200,3501,KAB. PACITAN,050000,35,JAWA TIMUR
051209,350109,TEGALOMBO,051200,3501,KAB. PACITAN,050000,35,JAWA TIMUR
051210,350110,TULAKAN,051200,3501,KAB. PACITAN,050000,35,JAWA TIMUR
052612,352811,BATU MARMAR,052600,3528,KAB. PAMEKASAN,050000,35,JAWA TIMUR
052603,352803,GALIS,052600,3528,KAB. PAMEKASAN,050000,35,JAWA TIMUR
052609,352812,KADUR,052600,3528,KAB. PAMEKASAN,050000,35,JAWA TIMUR
052604,352808,LARANGAN,052600,3528,KAB. PAMEKASAN,050000,35,JAWA TIMUR
052602,352802,PADEMAWU,052600,3528,KAB. PAMEKASAN,050000,35,JAWA TIMUR
052610,352809,PAKONG,052600,3528,KAB. PAMEKASAN,050000,35,JAWA TIMUR
052607,352806,PALENGAAN,052600,3528,KAB. PAMEKASAN,050000,35,JAWA TIMUR
052605,352804,PAMEKASAN,052600,3528,KAB. PAMEKASAN,050000,35,JAWA TIMUR
052613,352813,PASEAN,052600,3528,KAB. PAMEKASAN,050000,35,JAWA TIMUR
052608,352807,PEGANTENAN,052600,3528,KAB. PAMEKASAN,050000,35,JAWA TIMUR
052606,352805,PROPPO,052600,3528,KAB. PAMEKASAN,050000,35,JAWA TIMUR
052601,352801,TLANAKAN,052600,3528,KAB. PAMEKASAN,050000,35,JAWA TIMUR
052611,352810,WARU,052600,3528,KAB. PAMEKASAN,050000,35,JAWA TIMUR
051915,351414,BANGIL,051900,3514,KAB. PASURUAN,050000,35,JAWA TIMUR
051914,351413,BEJI,051900,3514,KAB. PASURUAN,050000,35,JAWA TIMUR
051913,351412,GEMPOL,051900,3514,KAB. PASURUAN,050000,35,JAWA TIMUR
051919,351418,GONDANG WETAN,051900,3514,KAB. PASURUAN,050000,35,JAWA TIMUR
051922,351420,GRATI,051900,3514,KAB. PASURUAN,050000,35,JAWA TIMUR
051907,351406,KEJAYAN,051900,3514,KAB. PASURUAN,050000,35,JAWA TIMUR
051917,351416,KRATON,051900,3514,KAB. PASURUAN,050000,35,JAWA TIMUR
051923,351422,LEKOK,051900,3514,KAB. PASURUAN,050000,35,JAWA TIMUR
051905,351404,LUMBANG,051900,3514,KAB. PASURUAN,050000,35,JAWA TIMUR
051924,351421,NGULING,051900,3514,KAB. PASURUAN,050000,35,JAWA TIMUR
051912,351411,PANDAAN,051900,3514,KAB. PASURUAN,050000,35,JAWA TIMUR
051906,351405,PASREPAN,051900,3514,KAB. PASURUAN,050000,35,JAWA TIMUR
051918,351417,POHJENTREK,051900,3514,KAB. PASURUAN,050000,35,JAWA TIMUR
051910,351410,PRIGEN,051900,3514,KAB. PASURUAN,050000,35,JAWA TIMUR
051901,351401,PURWODADI,051900,3514,KAB. PASURUAN,050000,35,JAWA TIMUR
051909,351408,PURWOSARI,051900,3514,KAB. PASURUAN,050000,35,JAWA TIMUR
051903,351403,PUSPO,051900,3514,KAB. PASURUAN,050000,35,JAWA TIMUR
051920,351423,REJOSO,051900,3514,KAB. PASURUAN,050000,35,JAWA TIMUR
051916,351415,REMBANG,051900,3514,KAB. PASURUAN,050000,35,JAWA TIMUR
051911,351409,SUKOREJO,051900,3514,KAB. PASURUAN,050000,35,JAWA TIMUR
051904,351424,TOSARI,051900,3514,KAB. PASURUAN,050000,35,JAWA TIMUR
051902,351402,TUTUR,051900,3514,KAB. PASURUAN,050000,35,JAWA TIMUR
051921,351419,WINONGAN,051900,3514,KAB. PASURUAN,050000,35,JAWA TIMUR
051908,351407,WONOREJO,051900,3514,KAB. PASURUAN,050000,35,JAWA TIMUR
051118,350216,BABADAN,051100,3502,KAB. PONOROGO,050000,35,JAWA TIMUR
051114,350213,BADEGAN,051100,3502,KAB. PONOROGO,050000,35,JAWA TIMUR
051111,350211,BALONG,051100,3502,KAB. PONOROGO,050000,35,JAWA TIMUR
051103,350203,BUNGKAL,051100,3502,KAB. PONOROGO,050000,35,JAWA TIMUR
051113,350220,JAMBON,051100,3502,KAB. PONOROGO,050000,35,JAWA TIMUR
051119,350218,JENANGAN,051100,3502,KAB. PONOROGO,050000,35,JAWA TIMUR
051110,350209,JETIS,051100,3502,KAB. PONOROGO,050000,35,JAWA TIMUR
051112,350212,KAUMAN,051100,3502,KAB. PONOROGO,050000,35,JAWA TIMUR
051108,350208,MLARAK,051100,3502,KAB. PONOROGO,050000,35,JAWA TIMUR
051120,350219,NGEBEL,051100,3502,KAB. PONOROGO,050000,35,JAWA TIMUR
051101,350202,NGRAYUN,051100,3502,KAB. PONOROGO,050000,35,JAWA TIMUR
051117,350217,PONOROGO,051100,3502,KAB. PONOROGO,050000,35,JAWA TIMUR
051121,350221,PUDAK,051100,3502,KAB. PONOROGO,050000,35,JAWA TIMUR
051107,350207,PULUNG,051100,3502,KAB. PONOROGO,050000,35,JAWA TIMUR
051104,350204,SAMBIT,051100,3502,KAB. PONOROGO,050000,35,JAWA TIMUR
051115,350214,SAMPUNG,051100,3502,KAB. PONOROGO,050000,35,JAWA TIMUR
051105,350205,SAWOO,051100,3502,KAB. PONOROGO,050000,35,JAWA TIMUR
051109,350210,SIMAN,051100,3502,KAB. PONOROGO,050000,35,JAWA TIMUR
051102,350201,SLAHUNG,051100,3502,KAB. PONOROGO,050000,35,JAWA TIMUR
051106,350206,SOOKO,051100,3502,KAB. PONOROGO,050000,35,JAWA TIMUR
051116,350215,SUKOREJO,051100,3502,KAB. PONOROGO,050000,35,JAWA TIMUR
052004,351304,BANTARAN,052000,3513,KAB. PROBOLINGGO,050000,35,JAWA TIMUR
052007,351306,BANYUANYAR,052000,3513,KAB. PROBOLINGGO,050000,35,JAWA TIMUR
052014,351313,BESUK,052000,3513,KAB. PROBOLINGGO,050000,35,JAWA TIMUR
052020,351319,DRINGU,052000,3513,KAB. PROBOLINGGO,050000,35,JAWA TIMUR
052010,351309,GADING,052000,3513,KAB. PROBOLINGGO,050000,35,JAWA TIMUR
052019,351318,GENDING,052000,3513,KAB. PROBOLINGGO,050000,35,JAWA TIMUR
052012,351311,KOTAANYAR,052000,3513,KAB. PROBOLINGGO,050000,35,JAWA TIMUR
052015,351314,KRAKSAAN,052000,3513,KAB. PROBOLINGGO,050000,35,JAWA TIMUR
052016,351315,KREJENGAN,052000,3513,KAB. PROBOLINGGO,050000,35,JAWA TIMUR
052009,351308,KRUCIL,052000,3513,KAB. PROBOLINGGO,050000,35,JAWA TIMUR
052003,351303,KURIPAN,052000,3513,KAB. PROBOLINGGO,050000,35,JAWA TIMUR
052005,351305,LECES,052000,3513,KAB. PROBOLINGGO,050000,35,JAWA TIMUR
052022,351324,LUMBANG,052000,3513,KAB. PROBOLINGGO,050000,35,JAWA TIMUR
052018,351317,MARON,052000,3513,KAB. PROBOLINGGO,050000,35,JAWA TIMUR
052013,351312,PAITON,052000,3513,KAB. PROBOLINGGO,050000,35,JAWA TIMUR
052017,351316,PAJARAKAN,052000,3513,KAB. PROBOLINGGO,050000,35,JAWA TIMUR
052011,351310,PAKUNIRAN,052000,3513,KAB. PROBOLINGGO,050000,35,JAWA TIMUR
052001,351301,SUKAPURA,052000,3513,KAB. PROBOLINGGO,050000,35,JAWA TIMUR
052002,351302,SUMBER,052000,3513,KAB. PROBOLINGGO,050000,35,JAWA TIMUR
052024,351321,SUMBERASIH,052000,3513,KAB. PROBOLINGGO,050000,35,JAWA TIMUR
052006,351320,TEGALSIWALAN,052000,3513,KAB. PROBOLINGGO,050000,35,JAWA TIMUR
052008,351307,TIRIS,052000,3513,KAB. PROBOLINGGO,050000,35,JAWA TIMUR
052023,351323,TONGAS,052000,3513,KAB. PROBOLINGGO,050000,35,JAWA TIMUR
052021,351322,WONOMERTO,052000,3513,KAB. PROBOLINGGO,050000,35,JAWA TIMUR
052709,352709,BANYUATES,052700,3527,KAB. SAMPANG,050000,35,JAWA TIMUR
052704,352704,CAMPLONG,052700,3527,KAB. SAMPANG,050000,35,JAWA TIMUR
052707,352707,JRENGIK,052700,3527,KAB. SAMPANG,050000,35,JAWA TIMUR
052713,352714,KARANGPENANG,052700,3527,KAB. SAMPANG,050000,35,JAWA TIMUR
052706,352706,KEDUNGDUNG,052700,3527,KAB. SAMPANG,050000,35,JAWA TIMUR
052711,352712,KETAPANG,052700,3527,KAB. SAMPANG,050000,35,JAWA TIMUR
052705,352705,OMBEN,052700,3527,KAB. SAMPANG,050000,35,JAWA TIMUR
052714,352713,PANGARENGAN,052700,3527,KAB. SAMPANG,050000,35,JAWA TIMUR
052710,352710,ROBATAL,052700,3527,KAB. SAMPANG,050000,35,JAWA TIMUR
052703,352703,SAMPANG,052700,3527,KAB. SAMPANG,050000,35,JAWA TIMUR
052712,352711,SOKOBANAH,052700,3527,KAB. SAMPANG,050000,35,JAWA TIMUR
052701,352701,SRESEH,052700,3527,KAB. SAMPANG,050000,35,JAWA TIMUR
052708,352708,TAMBELANGAN,052700,3527,KAB. SAMPANG,050000,35,JAWA TIMUR
052702,352702,TORJUN,052700,3527,KAB. SAMPANG,050000,35,JAWA TIMUR
050218,351512,BALONG BENDO,050200,3515,KAB. SIDOARJO,050000,35,JAWA TIMUR
050212,351515,BUDURAN,050200,3515,KAB. SIDOARJO,050000,35,JAWA TIMUR
050207,351507,CANDI,050200,3515,KAB. SIDOARJO,050000,35,JAWA TIMUR
050215,351516,GEDANGAN,050200,3515,KAB. SIDOARJO,050000,35,JAWA TIMUR
050205,351505,JABON,050200,3515,KAB. SIDOARJO,050000,35,JAWA TIMUR
050203,351503,KREMBUNG,050200,3515,KAB. SIDOARJO,050000,35,JAWA TIMUR
050217,351511,KRIAN,050200,3515,KAB. SIDOARJO,050000,35,JAWA TIMUR
050204,351504,PORONG,050200,3515,KAB. SIDOARJO,050000,35,JAWA TIMUR
050202,351502,PRAMBON,050200,3515,KAB. SIDOARJO,050000,35,JAWA TIMUR
050213,351517,SEDATI,050200,3515,KAB. SIDOARJO,050000,35,JAWA TIMUR
050211,351508,SIDOARJO,050200,3515,KAB. SIDOARJO,050000,35,JAWA TIMUR
050210,351514,SUKODONO,050200,3515,KAB. SIDOARJO,050000,35,JAWA TIMUR
050216,351513,TAMAN,050200,3515,KAB. SIDOARJO,050000,35,JAWA TIMUR
050206,351506,TANGGULANGIN,050200,3515,KAB. SIDOARJO,050000,35,JAWA TIMUR
050201,351501,TARIK,050200,3515,KAB. SIDOARJO,050000,35,JAWA TIMUR
050208,351509,TULANGAN,050200,3515,KAB. SIDOARJO,050000,35,JAWA TIMUR
050214,351518,WARU,050200,3515,KAB. SIDOARJO,050000,35,JAWA TIMUR
050209,351510,WONOAYU,050200,3515,KAB. SIDOARJO,050000,35,JAWA TIMUR
052314,351211,ARJASA,052300,3512,KAB. SITUBONDO,050000,35,JAWA TIMUR
052316,351213,ASEMBAGUS,052300,3512,KAB. SITUBONDO,050000,35,JAWA TIMUR
052303,351216,BANYUGLUGUR,052300,3512,KAB. SITUBONDO,050000,35,JAWA TIMUR
052317,351214,BANYUPUTIH,052300,3512,KAB. SITUBONDO,050000,35,JAWA TIMUR
052304,351202,BESUKI,052300,3512,KAB. SITUBONDO,050000,35,JAWA TIMUR
052307,351217,BUNGATAN,052300,3512,KAB. SITUBONDO,050000,35,JAWA TIMUR
052315,351212,JANGKAR,052300,3512,KAB. SITUBONDO,050000,35,JAWA TIMUR
052302,351201,JATIBANTENG,052300,3512,KAB. SITUBONDO,050000,35,JAWA TIMUR
052313,351210,KAPONGAN,052300,3512,KAB. SITUBONDO,050000,35,JAWA TIMUR
052308,351205,KENDIT,052300,3512,KAB. SITUBONDO,050000,35,JAWA TIMUR
052311,351209,MANGARAN,052300,3512,KAB. SITUBONDO,050000,35,JAWA TIMUR
052306,351204,MLANDINGAN,052300,3512,KAB. SITUBONDO,050000,35,JAWA TIMUR
052309,351206,PANARUKAN,052300,3512,KAB. SITUBONDO,050000,35,JAWA TIMUR
052312,351208,PANJI,052300,3512,KAB. SITUBONDO,050000,35,JAWA TIMUR
052310,351207,SITUBONDO,052300,3512,KAB. SITUBONDO,050000,35,JAWA TIMUR
052305,351203,SUBOH,052300,3512,KAB. SITUBONDO,050000,35,JAWA TIMUR
052301,351215,SUMBERMALANG,052300,3512,KAB. SITUBONDO,050000,35,JAWA TIMUR
052812,352912,AMBUNTEN,052800,3529,KAB. SUMENEP,050000,35,JAWA TIMUR
052824,352924,ARJASA,052800,3529,KAB. SUMENEP,050000,35,JAWA TIMUR
052818,352916,BATANG-BATANG,052800,3529,KAB. SUMENEP,050000,35,JAWA TIMUR
052827,352926,BATUAN,052800,3529,KAB. SUMENEP,050000,35,JAWA TIMUR
052816,352917,BATUPUTIH,052800,3529,KAB. SUMENEP,050000,35,JAWA TIMUR
052802,352905,BLUTO,052800,3529,KAB. SUMENEP,050000,35,JAWA TIMUR
052814,352914,DASUK,052800,3529,KAB. SUMENEP,050000,35,JAWA TIMUR
052819,352918,DUNGKEK,052800,3529,KAB. SUMENEP,050000,35,JAWA TIMUR
052809,352910,GANDING,052800,3529,KAB. SUMENEP,050000,35,JAWA TIMUR
052817,352919,GAPURA,052800,3529,KAB. SUMENEP,050000,35,JAWA TIMUR
052821,352920,GAYAM,052800,3529,KAB. SUMENEP,050000,35,JAWA TIMUR
052804,352908,GILIGENTENG,052800,3529,KAB. SUMENEP,050000,35,JAWA TIMUR
052810,352909,GULUK GULUK,052800,3529,KAB. SUMENEP,050000,35,JAWA TIMUR
052806,352902,KALIANGET,052800,3529,KAB. SUMENEP,050000,35,JAWA TIMUR
052828,352927,KANGAYAN,052800,3529,KAB. SUMENEP,050000,35,JAWA TIMUR
052807,352901,KOTA SUMENEP,052800,3529,KAB. SUMENEP,050000,35,JAWA TIMUR
052808,352907,LENTENG,052800,3529,KAB. SUMENEP,050000,35,JAWA TIMUR
052815,352903,MANDING,052800,3529,KAB. SUMENEP,050000,35,JAWA TIMUR
052825,352923,MASALEMBU,052800,3529,KAB. SUMENEP,050000,35,JAWA TIMUR
052820,352921,NONGGUNONG,052800,3529,KAB. SUMENEP,050000,35,JAWA TIMUR
052811,352913,PASONGSONGAN,052800,3529,KAB. SUMENEP,050000,35,JAWA TIMUR
052801,352911,PRAGAAN,052800,3529,KAB. SUMENEP,050000,35,JAWA TIMUR
052822,352922,RA AS,052800,3529,KAB. SUMENEP,050000,35,JAWA TIMUR
052813,352915,RUBARU,052800,3529,KAB. SUMENEP,050000,35,JAWA TIMUR
052823,352925,SAPEKEN,052800,3529,KAB. SUMENEP,050000,35,JAWA TIMUR
052803,352906,SARONGGI,052800,3529,KAB. SUMENEP,050000,35,JAWA TIMUR
052805,352904,TALANGO,052800,3529,KAB. SUMENEP,050000,35,JAWA TIMUR
051713,350309,BENDUNGAN,051700,3503,KAB. TRENGGALEK,050000,35,JAWA TIMUR
051705,350304,DONGKO,051700,3503,KAB. TRENGGALEK,050000,35,JAWA TIMUR
051709,350313,DURENAN,051700,3503,KAB. TRENGGALEK,050000,35,JAWA TIMUR
051708,350310,GANDUSARI,051700,3503,KAB. TRENGGALEK,050000,35,JAWA TIMUR
051704,350307,KAMPAK,051700,3503,KAB. TRENGGALEK,050000,35,JAWA TIMUR
051707,350306,KARANGAN,051700,3503,KAB. TRENGGALEK,050000,35,JAWA TIMUR
051702,350302,MUNJUNGAN,051700,3503,KAB. TRENGGALEK,050000,35,JAWA TIMUR
051701,350301,PANGGUL,051700,3503,KAB. TRENGGALEK,050000,35,JAWA TIMUR
051710,350312,POGALAN,051700,3503,KAB. TRENGGALEK,050000,35,JAWA TIMUR
051706,350303,PULE,051700,3503,KAB. TRENGGALEK,050000,35,JAWA TIMUR
051714,350314,SURUH,051700,3503,KAB. TRENGGALEK,050000,35,JAWA TIMUR
051711,350311,TRENGGALEK,051700,3503,KAB. TRENGGALEK,050000,35,JAWA TIMUR
051712,350305,TUGU,051700,3503,KAB. TRENGGALEK,050000,35,JAWA TIMUR
051703,350308,WATULIMO,051700,3503,KAB. TRENGGALEK,050000,35,JAWA TIMUR
050619,352304,BANCAR,050600,3523,KAB. TUBAN,050000,35,JAWA TIMUR
050602,352303,BANGILAN,050600,3523,KAB. TUBAN,050000,35,JAWA TIMUR
050620,352320,GRABAGAN,050600,3523,KAB. TUBAN,050000,35,JAWA TIMUR
050618,352302,JATIROGO,050600,3523,KAB. TUBAN,050000,35,JAWA TIMUR
050614,352312,JENU,050600,3523,KAB. TUBAN,050000,35,JAWA TIMUR
050601,352301,KENDURUAN,050600,3523,KAB. TUBAN,050000,35,JAWA TIMUR
050616,352308,KEREK,050600,3523,KAB. TUBAN,050000,35,JAWA TIMUR
050615,352313,MERAKURAK,050600,3523,KAB. TUBAN,050000,35,JAWA TIMUR
050605,352310,MONTONG,050600,3523,KAB. TUBAN,050000,35,JAWA TIMUR
050611,352318,PALANG,050600,3523,KAB. TUBAN,050000,35,JAWA TIMUR
050606,352309,PARENGAN,050600,3523,KAB. TUBAN,050000,35,JAWA TIMUR
050609,352317,PLUMPANG,050600,3523,KAB. TUBAN,050000,35,JAWA TIMUR
050608,352314,RENGEL,050600,3523,KAB. TUBAN,050000,35,JAWA TIMUR
050612,352315,SEMANDING,050600,3523,KAB. TUBAN,050000,35,JAWA TIMUR
050603,352305,SENORI,050600,3523,KAB. TUBAN,050000,35,JAWA TIMUR
050604,352307,SINGGAHAN,050600,3523,KAB. TUBAN,050000,35,JAWA TIMUR
050607,352311,SOKO,050600,3523,KAB. TUBAN,050000,35,JAWA TIMUR
050617,352306,TAMBAKBOYO,050600,3523,KAB. TUBAN,050000,35,JAWA TIMUR
050613,352316,TUBAN,050600,3523,KAB. TUBAN,050000,35,JAWA TIMUR
050610,352319,WIDANG,050600,3523,KAB. TUBAN,050000,35,JAWA TIMUR
051602,350417,BANDUNG,051600,3504,KAB. TULUNGAGUNG,050000,35,JAWA TIMUR
051601,350415,BESUKI,051600,3504,KAB. TULUNGAGUNG,050000,35,JAWA TIMUR
051611,350402,BOYOLANGU,051600,3504,KAB. TULUNGAGUNG,050000,35,JAWA TIMUR
051604,350416,CAMPUR DARAT,051600,3504,KAB. TULUNGAGUNG,050000,35,JAWA TIMUR
051617,350409,GONDANG,051600,3504,KAB. TULUNGAGUNG,050000,35,JAWA TIMUR
051606,350414,KALIDAWIR,051600,3504,KAB. TULUNGAGUNG,050000,35,JAWA TIMUR
051615,350408,KARANGREJO,051600,3504,KAB. TULUNGAGUNG,050000,35,JAWA TIMUR
051616,350405,KAUMAN,051600,3504,KAB. TULUNGAGUNG,050000,35,JAWA TIMUR
051613,350403,KEDUNGWARU,051600,3504,KAB. TULUNGAGUNG,050000,35,JAWA TIMUR
051614,350404,NGANTRU,051600,3504,KAB. TULUNGAGUNG,050000,35,JAWA TIMUR
051609,350411,NGUNUT,051600,3504,KAB. TULUNGAGUNG,050000,35,JAWA TIMUR
051618,350406,PAGERWOJO,051600,3504,KAB. TULUNGAGUNG,050000,35,JAWA TIMUR
051603,350418,PAKEL,051600,3504,KAB. TULUNGAGUNG,050000,35,JAWA TIMUR
051607,350412,PUCANG LABAN,051600,3504,KAB. TULUNGAGUNG,050000,35,JAWA TIMUR
051608,350413,REJOTANGAN,051600,3504,KAB. TULUNGAGUNG,050000,35,JAWA TIMUR
051619,350407,SENDANG,051600,3504,KAB. TULUNGAGUNG,050000,35,JAWA TIMUR
051610,350410,SUMBERGEMPOL,051600,3504,KAB. TULUNGAGUNG,050000,35,JAWA TIMUR
051605,350419,TANGGUNG GUNUNG,051600,3504,KAB. TULUNGAGUNG,050000,35,JAWA TIMUR
051612,350401,TULUNGAGUNG,051600,3504,KAB. TULUNGAGUNG,050000,35,JAWA TIMUR
056801,357901,BATU,056800,3579,KOTA BATU,050000,35,JAWA TIMUR
056803,357902,BUMIAJI,056800,3579,KOTA BATU,050000,35,JAWA TIMUR
056802,357903,JUNREJO,056800,3579,KOTA BATU,050000,35,JAWA TIMUR
056502,357201,KEPANJENKIDUL,056500,3572,KOTA BLITAR,050000,35,JAWA TIMUR
056503,357203,SANANWETAN,056500,3572,KOTA BLITAR,050000,35,JAWA TIMUR
056501,357202,SUKOREJO,056500,3572,KOTA BLITAR,050000,35,JAWA TIMUR
056302,357102,KOTA KEDIRI,056300,3571,KOTA KEDIRI,050000,35,JAWA TIMUR
056301,357101,MOJOROTO,056300,3571,KOTA KEDIRI,050000,35,JAWA TIMUR
056303,357103,PESANTREN,056300,3571,KOTA KEDIRI,050000,35,JAWA TIMUR
056203,357701,KARTOHARJO,056200,3577,KOTA MADIUN,050000,35,JAWA TIMUR
056201,357702,MANGUHARJO,056200,3577,KOTA MADIUN,050000,35,JAWA TIMUR
056202,357703,TAMAN,056200,3577,KOTA MADIUN,050000,35,JAWA TIMUR
056104,357301,BLIMBING,056100,3573,KOTA MALANG,050000,35,JAWA TIMUR
056101,357303,KEDUNGKANDANG,056100,3573,KOTA MALANG,050000,35,JAWA TIMUR
056103,357302,KLOJEN,056100,3573,KOTA MALANG,050000,35,JAWA TIMUR
056105,357305,LOWOKWARU,056100,3573,KOTA MALANG,050000,35,JAWA TIMUR
056102,357304,SUKUN,056100,3573,KOTA MALANG,050000,35,JAWA TIMUR
056403,357603,KRANGGAN,056400,3576,KOTA MOJOKERTO,050000,35,JAWA TIMUR
056402,357602,MAGERSARI,056400,3576,KOTA MOJOKERTO,050000,35,JAWA TIMUR
056401,357601,PRAJURIT KULON,056400,3576,KOTA MOJOKERTO,050000,35,JAWA TIMUR
056603,357503,BUGUL KIDUL,056600,3575,KOTA PASURUAN,050000,35,JAWA TIMUR
056601,357501,GADINGREJO,056600,3575,KOTA PASURUAN,050000,35,JAWA TIMUR
056604,357504,PANGGUNGREJO,056600,3575,KOTA PASURUAN,050000,35,JAWA TIMUR
056602,357502,PURWOREJO,056600,3575,KOTA PASURUAN,050000,35,JAWA TIMUR
056701,357401,KADEMANGAN,056700,3574,KOTA PROBOLINGGO,050000,35,JAWA TIMUR
056705,357404,KANIGARAN,056700,3574,KOTA PROBOLINGGO,050000,35,JAWA TIMUR
056704,357405,KEDOPOK,056700,3574,KOTA PROBOLINGGO,050000,35,JAWA TIMUR
056703,357403,MAYANGAN,056700,3574,KOTA PROBOLINGGO,050000,35,JAWA TIMUR
056702,357402,WONOASIH,056700,3574,KOTA PROBOLINGGO,050000,35,JAWA TIMUR
056027,357828,ASEMROWO,056000,3578,KOTA SURABAYA,050000,35,JAWA TIMUR
056028,357819,BENOWO,056000,3578,KOTA SURABAYA,050000,35,JAWA TIMUR
056025,357813,BUBUTAN,056000,3578,KOTA SURABAYA,050000,35,JAWA TIMUR
056029,357829,BULAK,056000,3578,KOTA SURABAYA,050000,35,JAWA TIMUR
056012,357821,DUKUH PAKIS,056000,3578,KOTA SURABAYA,050000,35,JAWA TIMUR
056003,357822,GAYUNGAN,056000,3578,KOTA SURABAYA,050000,35,JAWA TIMUR
056019,357807,GENTENG,056000,3578,KOTA SURABAYA,050000,35,JAWA TIMUR
056010,357808,GUBENG,056000,3578,KOTA SURABAYA,050000,35,JAWA TIMUR
056006,357825,GUNUNGANYAR,056000,3578,KOTA SURABAYA,050000,35,JAWA TIMUR
056002,357823,JAMBANGAN,056000,3578,KOTA SURABAYA,050000,35,JAWA TIMUR
056001,357801,KARANG PILANG,056000,3578,KOTA SURABAYA,050000,35,JAWA TIMUR
056021,357817,KENJERAN,056000,3578,KOTA SURABAYA,050000,35,JAWA TIMUR
056026,357815,KREMBANGAN,056000,3578,KOTA SURABAYA,050000,35,JAWA TIMUR
056014,357818,LAKARSANTRI,056000,3578,KOTA SURABAYA,050000,35,JAWA TIMUR
056009,357826,MULYOREJO,056000,3578,KOTA SURABAYA,050000,35,JAWA TIMUR
056024,357812,PABEAN CANTIAN,056000,3578,KOTA SURABAYA,050000,35,JAWA TIMUR
056030,357830,PAKAL,056000,3578,KOTA SURABAYA,050000,35,JAWA TIMUR
056007,357803,RUNGKUT,056000,3578,KOTA SURABAYA,050000,35,JAWA TIMUR
056031,357831,SAMBI KEREP,056000,3578,KOTA SURABAYA,050000,35,JAWA TIMUR
056017,357806,SAWAHAN,056000,3578,KOTA SURABAYA,050000,35,JAWA TIMUR
056023,357816,SEMAMPIR,056000,3578,KOTA SURABAYA,050000,35,JAWA TIMUR
056022,357811,SIMOKERTO,056000,3578,KOTA SURABAYA,050000,35,JAWA TIMUR
056008,357809,SUKOLILO,056000,3578,KOTA SURABAYA,050000,35,JAWA TIMUR
056016,357827,SUKOMANUNGGAL,056000,3578,KOTA SURABAYA,050000,35,JAWA TIMUR
056020,357810,TAMBAKSARI,056000,3578,KOTA SURABAYA,050000,35,JAWA TIMUR
056015,357814,TANDES,056000,3578,KOTA SURABAYA,050000,35,JAWA TIMUR
056018,357805,TEGAL SARI,056000,3578,KOTA SURABAYA,050000,35,JAWA TIMUR
056005,357824,TENGGILIS MEJOYO,056000,3578,KOTA SURABAYA,050000,35,JAWA TIMUR
056013,357820,WIYUNG,056000,3578,KOTA SURABAYA,050000,35,JAWA TIMUR
056004,357802,WONOCOLO,056000,3578,KOTA SURABAYA,050000,35,JAWA TIMUR
056011,357804,WONOKROMO,056000,3578,KOTA SURABAYA,050000,35,JAWA TIMUR
